ref_no,name,description,category,rate,hsn_code,gst_rate
1373,1300 A2 1.5 8,,Bio Safety Cabinets,2530311,84212190,0.18
1376,1300 A2 SS 1.2 10in window 230V package,,Bio Safety Cabinets,1596420,84212190,0.18
1378,1300 A2 SS 1.8 10in window 230V package,,Bio Safety Cabinets,2049326.9999999998,84212190,0.18
1381,1300 A2 1.5 10,,Bio Safety Cabinets,2171190,84212190,0.18
1383,1300 A2 SS 1.5 10,,Bio Safety Cabinets,2211321,84212190,0.18
1386,1300 Series A2 4ft - Factory Install UV- Adjustable Height Stand- Armrest 10in window - 220V/50Hz,,Bio Safety Cabinets,1542471,84212190,0.18
1388,1300 Series A2 6ft - Factory Install UV- Adjustable Height Stand- Armrest 10in window - 220V/50Hz,,Bio Safety Cabinets,1612296,84212190,0.18
1390,1300 A2 0.9 8,,Bio Safety Cabinets,1594803,84212190,0.18
1391,"1300 A2 0.9 8"" 230V PACKAGE",,Bio Safety Cabinets,1732542,84212190,0.18
1392,1300 A2 S/S 0.9 8,,Bio Safety Cabinets,1681827,84212190,0.18
1393,1300 A2 SS 0.9 8,,Bio Safety Cabinets,1430898,84212190,0.18
1518M,1500 B2 4ft BSC w/UV 230V M,,Bio Safety Cabinets,4740750,84212190,0.18
1563,1500 B2 6ft BSC 230V(Ch/Au) UV,,Bio Safety Cabinets,5287002,84212190,0.18
1565,1500 B2 6ft BSC w UV 230V NEMA,,Bio Safety Cabinets,5631864,84212190,0.18
1565M,1500 B2 6ft BSC w/UV 230V M,,Bio Safety Cabinets,3679409.9999999995,84212190,0.18
1910083,Rear wall clips for securing tubing and,,Bio Safety Cabinets,17052,84799090,0.18
1910112,Replacement SmartPort; 4 per kit,,Bio Safety Cabinets,10290,84799090,0.18
1910179,Hanging shelf for base stand,,Bio Safety Cabinets,28811.999999999996,84799090,0.18
1910185,Alnor exhaust alarm for 1300 A2 QI,,Bio Safety Cabinets,236816.99999999997,84799090,0.18
191127,ADJ FOOTREST BSC,,Bio Safety Cabinets,43365,84799090,0.18
1911302,Manual Adjustable stand- 4 foot cabinet- 28 to 36in in 1in increments,,Bio Safety Cabinets,93786,84799090,0.18
1911303,Manual Adjustable stand- 6 foot cabinet- 28 to 36in in 1in increments,,Bio Safety Cabinets,139650,84799090,0.18
1911304,Combustable gas tap- short,,Bio Safety Cabinets,18522,84799090,0.18
1911305,Noncombustable gas tap- short,,Bio Safety Cabinets,17934,84799090,0.18
1911306,Vacuum valve tap- short,,Bio Safety Cabinets,17640,84799090,0.18
1911307,Water valve tap- short,,Bio Safety Cabinets,17640,84799090,0.18
1911308,Combustable gas tap- long,,Bio Safety Cabinets,20433,84799090,0.18
1911309,Noncombustable gas tap- long,,Bio Safety Cabinets,18669,84799090,0.18
1911310,Vacuum valve tap- long,,Bio Safety Cabinets,16464,84799090,0.18
1911311,Water valve tap- long,,Bio Safety Cabinets,19992,84799090,0.18
1911312,IV Bag Holder Kit with 12 hooks,,Bio Safety Cabinets,26313,84799090,0.18
1911313,Stainless Steel Armrest (set of 2),,Bio Safety Cabinets,18081,84799090,0.18
1911314,4ft Direct Duct Exhaust Transition,,Bio Safety Cabinets,267099,84799090,0.18
1911315,6ft Direct Duct Exhaust Transition,,Bio Safety Cabinets,302967,84212190,0.18
1911316,4ft Thimble Duct Exhaust Transition,,Bio Safety Cabinets,84378,84799090,0.18
1911317,6ft Thimble Duct Exhaust Transition,,Bio Safety Cabinets,98784,84799090,0.18
1911318,UV Light Option- Field Qualified Installed,,Bio Safety Cabinets,39102,84799090,0.18
1911319,UV Light Option- Factory Installed,,Bio Safety Cabinets,51597,84799090,0.18
1911320,Floor anchoring brackets- Customer Installed,,Bio Safety Cabinets,48363,84799090,0.18
1911322,Rolling Stand 1300 Series 4 ft Cabinet - Customer Installed,,Bio Safety Cabinets,142443,84799090,0.18
1911346,Rolling Castor Stand 1300 Series 6 ft Cabinet - Customer Installed,,Bio Safety Cabinets,266217,84799090,0.18
1911367,Universal Piping Option for 6 ft - Right Side - Factory Installed.,,Bio Safety Cabinets,117158.99999999999,84799090,0.18
1911368,UV Light Option for 6 ft Cabinet - Factory Installed,,Bio Safety Cabinets,51744,84799090,0.18
1911370,Universal Piping Option for 6 ft - Left Side - Factory Installed.,,Bio Safety Cabinets,121568.99999999999,84799090,0.18
1911409,Rolling castor stand 3 foot 1300 A2 BSC,,Bio Safety Cabinets,195510,84799090,0.18
1911410,Rolling castor stand 5 foot 1300 A2 BSC,,Bio Safety Cabinets,206094,84799090,0.18
1911413,IV bag holder 3 foot 1300 A2 BSC,,Bio Safety Cabinets,21315,84799090,0.18
191190,I/V BAG HANGER STN STL,,Bio Safety Cabinets,367.5,84799090,0.18
191591,BSC STOR BASE CASTER PAN,,Bio Safety Cabinets,52185,84799090,0.18
3402800,SmartPort Portal Kit - 1500B2,,Bio Safety Cabinets,73794,84799090,0.18
3730402,Adjustable height stand 4ft B2,,Bio Safety Cabinets,352506,84212190,0.18
3730602,Adjustable height stand 6ft B2,,Bio Safety Cabinets,201390,84799090,0.18
3747502,Service Valve Kit for 1300 B2,,Bio Safety Cabinets,23520,84799090,0.18
3747512,Universal Piping for B2 (Right),,Bio Safety Cabinets,209622,84799090,0.18
3747513,Universal Piping for B2 (Left),,Bio Safety Cabinets,209622,84799090,0.18
3776000,4-ft Bag for BIBO 1300/1500B2,,Bio Safety Cabinets,85554,84799090,0.18
3776001,6-ft Bag for BIBO 1300/1500B2,,Bio Safety Cabinets,85554,84799090,0.18
3846800,1300 Series B2 wiring harness,,Bio Safety Cabinets,19257,84799090,0.18
3850500,PRE-FILTER 4-FT B2,,Bio Safety Cabinets,8673,84799090,0.18
3850501,PRE-FILTER 6-FT B2,,Bio Safety Cabinets,12789,84799090,0.18
3858320,Alarm/Contact Board - 1500B2,,Bio Safety Cabinets,55272,84799090,0.18
3858611,IV Bag Holder Kit for 4ft B2,,Bio Safety Cabinets,32192.999999999996,84799090,0.18
3858613,IV Bag Holder Kit for 6ft B2,,Bio Safety Cabinets,39543,84799090,0.18
3858800,Backdraft Damper 10-inch,,Bio Safety Cabinets,50421,84799090,0.18
3859501,Supply ULPA Filter for 4ft B2,,Bio Safety Cabinets,361179,84212190,0.18
3859601,"Exhaust ULPA Filter for 4 ft 1300 B2, before s/n 1304",,Bio Safety Cabinets,1258614,84212190,0.18
3990001,30in fixed stand for 4 foot B2,,Bio Safety Cabinets,126566.99999999999,84799090,0.18
3990003,30in fixed stand for 6 foot B2,,Bio Safety Cabinets,120098.99999999999,84799090,0.18
3990005,36in fixed stand for 4 foot B2,,Bio Safety Cabinets,147441,84799090,0.18
3990007,36in fixed stand for 6 foot B2,,Bio Safety Cabinets,152439,84799090,0.18
50044288,AREA MODULE AML9 1.4571,,Bio Safety Cabinets,118334.99999999999,84799090,0.18
50044291,AREA MODULE AML 18 1.4571,,Bio Safety Cabinets,201243,84799090,0.18
50044678,LOW VACUUM TAP LONG,,Bio Safety Cabinets,33810,84799090,0.18
50044679,COLD WATER TAP LONG,,Bio Safety Cabinets,35133,84799090,0.18
50044976,ARM REST AS 3,,Bio Safety Cabinets,19404,84799090,0.18
50045643,AREA MODUL AM 6 1.4571(Q FOL),,Bio Safety Cabinets,59387.99999999999,84799090,0.18
50045644,AREA MODUL AM 9 1.4571(Q FOL),,Bio Safety Cabinets,78057,84799090,0.18
50045645,SPARE FILTER SET PH 9,,Bio Safety Cabinets,141414,84799090,0.18
50045647,SPARE FILTER SET PH 15,,Bio Safety Cabinets,215796,84799090,0.18
50045648,SPARE FILTER SET PH 18,,Bio Safety Cabinets,237110.99999999997,84799090,0.18
50045959,TAP FOR NON COMBUSTIBLE GASES LONG,,Bio Safety Cabinets,33810,84799090,0.18
50046015,TAP FOR COMBUSTIBLE GASES LONG,,Bio Safety Cabinets,34986,84799090,0.18
50047329,GRID FILTER GF 3/18 (SET),,Bio Safety Cabinets,34398,84799090,0.18
50047357,EXHAUST FILTER SET AEF,,Bio Safety Cabinets,202713,84799090,0.18
50047400,SPARE FILTER SET PV 9 HEPA,,Bio Safety Cabinets,135975,84799090,0.18
50047401,SPARE FILTER SET PV 12 HEPA,,Bio Safety Cabinets,170667,84799090,0.18
50047402,SPARE FILTER SET PV 15 HEPA,,Bio Safety Cabinets,215796,84799090,0.18
50047403,SPARE FILTER SET PV 18 HEPA,,Bio Safety Cabinets,255338.99999999997,84799090,0.18
50047489,AREA MODULE AMW 3 (WEIGHING),,Bio Safety Cabinets,143913,84799090,0.18
50047504,HOSE ACCESS PORT G 3/8,,Bio Safety Cabinets,21609,84799090,0.18
50048608,AREA MODULE AM 3,,Bio Safety Cabinets,27489,84799090,0.18
50049199,GAS CARTRIDGE ADAPTER CV 360,,Bio Safety Cabinets,35133,84799090,0.18
50049200,ACCESSORY SET FOR VULCAN,,Bio Safety Cabinets,44100,84799090,0.18
50049718,SAFETY GAS HOSE FOR NATURAL GAS,,Bio Safety Cabinets,13083,84799090,0.18
50049719,SAFETY GAS HOSE FOR PROPANE/BUTANE,,Bio Safety Cabinets,13083,84799090,0.18
50050513,GLASS SPATTER GUARD F.SAF. BUNSEN BURNER,,Bio Safety Cabinets,14112,84799090,0.18
50051465,SPARE FILTER SET PC 9 (ACT. CARBON),,Bio Safety Cabinets,371175,84212190,0.18
50051466,SPARE FILTER SET PC 12 (ACT. CARBON),,Bio Safety Cabinets,462314.99999999994,84212190,0.18
50051495,EXHAUST FILTER SET AEF-C,,Bio Safety Cabinets,287826,84799090,0.18
50051982,FOOT REST BAR F. RETROFIT ON F.-STAND,,Bio Safety Cabinets,53508,84799090,0.18
50051983,FOOT REST BAR F. RETROFIT ON F.-STAND,,Bio Safety Cabinets,54684,84799090,0.18
50051984,FOOT REST BAR F. RETROFIT ON F.-STAND,,Bio Safety Cabinets,53508,84799090,0.18
50051985,FOOT REST BAR F. RETROFIT ON F.-STAND,,Bio Safety Cabinets,53214,84799090,0.18
50054130,GAS CARTRIDGE BUTANE 90ML/50G (6 PCS.),,Bio Safety Cabinets,18963,84799090,0.18
50059017,Side hose connection 10-13 mm,,Bio Safety Cabinets,21168,84799090,0.18
50068232,Vacuum tap rear wall,,Bio Safety Cabinets,32781,84799090,0.18
50068233,Water tap rear wall,,Bio Safety Cabinets,32781,84799090,0.18
50068235,Combustible gas rear,,Bio Safety Cabinets,33369,84799090,0.18
50072685,Flat table module 300 mm,,Bio Safety Cabinets,18081,84799090,0.18
50073464,MOUNTING F.REMOTE CONTROL,,Bio Safety Cabinets,15581.999999999998,84799090,0.18
50073663,KS/KSP armest (set of 2),,Bio Safety Cabinets,31016.999999999996,84799090,0.18
50073666,Flat table module 150 mm,,Bio Safety Cabinets,11172,84799090,0.18
50073667,Flat table module 600 mm,,Bio Safety Cabinets,39984,84799090,0.18
50073668,Indented table module 600 mm,,Bio Safety Cabinets,69678,84799090,0.18
50073669,Indented table module 900 mm,,Bio Safety Cabinets,100401,84799090,0.18
50073670,Indented table module 1200 mm,,Bio Safety Cabinets,120098.99999999999,84799090,0.18
50073671,Indented table module 1500 mm,,Bio Safety Cabinets,154203,84799090,0.18
50073757,Vibration damped w/SS 300 mm,,Bio Safety Cabinets,123479.99999999999,84799090,0.18
50073770,Thimble duct 1.2/1.5 KS,,Bio Safety Cabinets,101283,84799090,0.18
50073771,"Direct duct exhaust 1.2, 1.5",,Bio Safety Cabinets,183162,84799090,0.18
50073772,KAEF 12/15 ADD. HEPA-EXTF. F. KS 12/15,,Bio Safety Cabinets,238433.99999999997,84799090,0.18
50073773,"Carbon AEF for 1.2, 1.5 m cabinet",,Bio Safety Cabinets,287826,84799090,0.18
50073943,Hanging bar 6 hooks,,Bio Safety Cabinets,48951,84799090,0.18
50073944,IV bar 12 hooks KS,,Bio Safety Cabinets,70413,84799090,0.18
50074606,ADD-ON KIT TRANSF. 90? TURNABLE MPH L,,Bio Safety Cabinets,980048.9999999999,84212190,0.18
50074905,Solenoid valve for gas tap,,Bio Safety Cabinets,78057,84799090,0.18
50075089,REMOTE CONTROL (HOLDER),,Bio Safety Cabinets,6174,84799090,0.18
50076162,Vibration damped w/SS 600 mm,,Bio Safety Cabinets,255191.99999999997,84799090,0.18
50076408,LEAD THROUGH LONG F. HOSES 6 / 3 MM DIA.,,Bio Safety Cabinets,29105.999999999996,84799090,0.18
50076846,"Grid pre-filter for 0.9, 1.2 cabinet",,Bio Safety Cabinets,17199,84799090,0.18
50078750,Indented table module 1800 mm,,Bio Safety Cabinets,179487,84799090,0.18
50078783,Carbon AEF for 0.9 m cabinet,,Bio Safety Cabinets,284298,84799090,0.18
50078784,Carbon AEF for 1.8 m cabinet,,Bio Safety Cabinets,285768,84799090,0.18
50078790,Direct duct exhaust 1.8,,Bio Safety Cabinets,178164,84799090,0.18
50078791,Direct duct exhaust 0.9,,Bio Safety Cabinets,219324,84799090,0.18
50078795,Thimble duct 1.8 KS,,Bio Safety Cabinets,149499,84799090,0.18
50078796,Thimble duct exhaust 0.9,,Bio Safety Cabinets,117746.99999999999,84799090,0.18
50078856,KAEF 18 ADD. HEPA-EXTF. F. KS 18,,Bio Safety Cabinets,251663.99999999997,84799090,0.18
50078857,KAEF 9 ADD. HEPA-EXHAUSTF. F. KS 9,,Bio Safety Cabinets,235493.99999999997,84799090,0.18
50078873,EXHAUST-COOLER F. KS/KSP 12 & 15,,Bio Safety Cabinets,587412,84212190,0.18
50078874,EXHAUST-COOLER F. KS/KSP 18,,Bio Safety Cabinets,605787,84212190,0.18
50078875,"Mini sink tabletop insert, 300 mm wide",,Bio Safety Cabinets,206682,84799090,0.18
50078900,Utility basket for use with hanging bars,,Bio Safety Cabinets,39102,84799090,0.18
50078901,"2 utility baskets, hanging bar",,Bio Safety Cabinets,87171,84799090,0.18
50079351,ADAPTER VST. KS 18,,Bio Safety Cabinets,66297,84799090,0.18
50082811,HANGING BAR (IV-BAR) SET,,Bio Safety Cabinets,56007,84799090,0.18
50082970,AREA MODULE KAM 120 FLAT 1 D,,Bio Safety Cabinets,109074,84799090,0.18
50083329,KPV 9  SET H14-HEPA-PREFILTER,,Bio Safety Cabinets,145971,84799090,0.18
50083340,KPV 12  SET H14-HEPA-PREFILTER,,Bio Safety Cabinets,192423,84799090,0.18
50083342,KPV 18  SET H14-HEPA-PREFILTER,,Bio Safety Cabinets,273714,84799090,0.18
50083344,KPC 12  SET ACT.CARBON-PREFILTERS,,Bio Safety Cabinets,463343.99999999994,84212190,0.18
50083345,KPC 15  SET ACT.CARBON-PREFILTERS,,Bio Safety Cabinets,579033,84212190,0.18
50083346,KPC 18  SET ACT.CARBON-PREFILTERS,,Bio Safety Cabinets,683109,84212190,0.18
50084339,Vibration damped 300 mm,,Bio Safety Cabinets,87171,84799090,0.18
50084350,Vibration damped 600 mm,,Bio Safety Cabinets,147735,84799090,0.18
50085281,One-piece Table Top Module KAM 180,,Bio Safety Cabinets,163170,84799090,0.18
50109309,Advantage Series Standard floor stand for 1.2m cabinet,,Bio Safety Cabinets,93198,84799090,0.18
50109311,Advantage Series Standard floor stand for 1.8m cabinet,,Bio Safety Cabinets,154056,84799090,0.18
50109312,Manual adjustable stand 1.2 m,,Bio Safety Cabinets,179928,84799090,0.18
50109313,Manual adjustable stand 1.8 m,,Bio Safety Cabinets,106281,84799090,0.18
50109977,Castor set,,Bio Safety Cabinets,73206,84799090,0.18
50109979,IV-Bar,,Bio Safety Cabinets,59387.99999999999,84799090,0.18
50109982,Direct Duct Exhaust Transition 1.8,,Bio Safety Cabinets,185367,84799090,0.18
50109984,Thimble Duct Exhaust Transition 1.2,,Bio Safety Cabinets,57917.99999999999,84799090,0.18
50109985,Thimble Duct Exhaust Transition 1.8,,Bio Safety Cabinets,130388.99999999999,84799090,0.18
50109987,Additional exhaust HEPA filter for 1.2m cabinet,,Bio Safety Cabinets,205653,84799090,0.18
50109989,Additional exhaust charcoal filter for 1.2m cabinet,,Bio Safety Cabinets,249899.99999999997,84799090,0.18
50109990,Additional exhaust charcoal filter for 1.8m cabinet,,Bio Safety Cabinets,274155,84799090,0.18
50109994,UV Light Option - Field Installed,,Bio Safety Cabinets,124067.99999999999,84799090,0.18
50109996,"Plug for mobile UV, retrofit",,Bio Safety Cabinets,42042,84799090,0.18
50109998,Disinfection Tent for Formaldehyde Disinfection,,Bio Safety Cabinets,65856,84799090,0.18
50114036,DISINFECTION KIT FOR BSC UK,,Bio Safety Cabinets,38808,84799090,0.18
50116441,Fixed height floor stand 0.9m,,Bio Safety Cabinets,122156.99999999999,84799090,0.18
50116442,Fixed height floor stand 1.5m,,Bio Safety Cabinets,130094.99999999999,84799090,0.18
50116443,Manual adjustable stand 0.9 m,,Bio Safety Cabinets,145971,84799090,0.18
50116444,Manual adjustable stand 1.5 m,,Bio Safety Cabinets,183750,84799090,0.18
50117929,FILTER H14 DINEN1822 457X610X117 SPAREP.,,Bio Safety Cabinets,56448,84799090,0.18
50118918,Biomodul UK,,Bio Safety Cabinets,427182,84212190,0.18
50140092,"UV LIGHT KIT, ECO 0.9 RETROFIT",,Bio Safety Cabinets,112455,84799090,0.18
50140093,"UV LIGHT KIT, ECO 1.2 RETROFIT",,Bio Safety Cabinets,125390.99999999999,84799090,0.18
50140095,"UV LIGHT KIT, ECO 1.8 RETROFIT",,Bio Safety Cabinets,127448.99999999999,84799090,0.18
50140096,"UV LIGHT KIT, ECO 1.8/95 RETROFIT",,Bio Safety Cabinets,142149,84799090,0.18
50155665,Fixed height floor stand 0.9m,,Bio Safety Cabinets,118481.99999999999,84799090,0.18
50155666,Fixed Height floor stand 1.2m,,Bio Safety Cabinets,120392.99999999999,84799090,0.18
50155667,Fixed Height floor stand 1.5m,,Bio Safety Cabinets,125978.99999999999,84799090,0.18
50155688,Adjustable floor stand 0.9m,,Bio Safety Cabinets,198009,84799090,0.18
50155689,Adjustable floor stand 1.2 m; Facet grey,,Bio Safety Cabinets,227703,84799090,0.18
50155690,Adjustable floor stand 1.5m,,Bio Safety Cabinets,198009,84799090,0.18
50155691,Adjustable floor stand 1.8 m; Facet grey,,Bio Safety Cabinets,227703,84799090,0.18
50156437,Ergonomic Gel Insert replacement pads (Set of 2x),,Bio Safety Cabinets,32633.999999999996,84799090,0.18
50156438,Stainess Steel Ergonomic Arm rest set inc Gel Inserts (Set of 2x),,Bio Safety Cabinets,63209.99999999999,84799090,0.18
51025411,ADVANTAGE SERIES MSC 12,,Bio Safety Cabinets,1543647,84212190,0.18
51025413,MSC Advantage 1.8 230V 50Hz EN Certified,,Bio Safety Cabinets,1543794,84212190,0.18
51028225,"MSC-Advantage 0.9, 230V, 50/60 Hz, EN12469",,Bio Safety Cabinets,1604358,84212190,0.18
51028226,"MSC-Advantage 1.5, 230V, 50/60 Hz, EN12469",,Bio Safety Cabinets,1790460,84212190,0.18
51032324,Herasafe 2030i 0.9m BASIC,,Bio Safety Cabinets,2428734,84212190,0.18
51032325,Herasafe 2030i 1.2m BASIC,,Bio Safety Cabinets,2516934,84212190,0.18
51032327,Herasafe 2030i 1.8m BASIC,,Bio Safety Cabinets,3245466,84212190,0.18
51032328,Herasafe 2030i 0.9m inc UV-C,,Bio Safety Cabinets,2693628,84212190,0.18
51032329,Herasafe 2030i 1.2m inc UV-C,,Bio Safety Cabinets,2781975,84212190,0.18
51032330,Herasafe 2030i 1.5m inc UV-C,,Bio Safety Cabinets,3422160,84212190,0.18
51032331,Herasafe 2030i 1.8m inc UV-C,,Bio Safety Cabinets,3510507,84212190,0.18
51032332,HERASAFE 2030i;4 ft;120v BASIC,,Bio Safety Cabinets,1988321.9999999998,84212190,0.18
51032333,HERASAFE 2030i;6 ft;120v;BASIC,,Bio Safety Cabinets,2622186,84212190,0.18
51032334,HERASAFE 2030i 4 ft;120v;UV,,Bio Safety Cabinets,2174277,84212190,0.18
51032335,HERASAFE 2030i 6 ft;120v;UV,,Bio Safety Cabinets,2766393,84212190,0.18
51032711,Maxisafe 2030i 0.9m BASIC,,Bio Safety Cabinets,2332596,84212190,0.18
51032712,Maxisafe 2030i 1.2m BASIC,,Bio Safety Cabinets,2420355,84212190,0.18
51032713,Maxisafe 2030i 1.5m BASIC,,Bio Safety Cabinets,2719059,84212190,0.18
51032714,Maxisafe 2030i 1.8m BASIC,,Bio Safety Cabinets,2836659,84212190,0.18
51032715,Maxisafe 2030i 0.9m inc UV-C,,Bio Safety Cabinets,2565738,84212190,0.18
51032716,Maxisafe 2030i 1.2m inc UV-C,,Bio Safety Cabinets,2662170,84212190,0.18
51032717,Maxisafe 2030i 1.5m inc UV-C,,Bio Safety Cabinets,2991009,84212190,0.18
51032718,Maxisafe 2030i 1.8m inc UV-C,,Bio Safety Cabinets,3120222,84212190,0.18
51033639,HeraSafe 2030i 6ft NSF-CTS Series; Complete Validation Package,,Bio Safety Cabinets,3828320.9999999995,84212190,0.18
51900642,"UV light option, side wall",,Bio Safety Cabinets,259160.99999999997,84799090,0.18
51900644,Left side wall stainless steel,,Bio Safety Cabinets,746172,84212190,0.18
51900645,Right side wall stainless steel,,Bio Safety Cabinets,746172,84212190,0.18
51900649,"Rear wall 3 taps left G3/8, top",,Bio Safety Cabinets,210210,84799090,0.18
51900658,KS AEF carbon filter FI,,Bio Safety Cabinets,363531,84212190,0.18
51900711,"Rear wall 3 taps right G3/8, top",,Bio Safety Cabinets,209181,84799090,0.18
51900722,"Rear wall 6 taps G3/8, top",,Bio Safety Cabinets,452172,84212190,0.18
51900781,KSP carbon filter 0.9,,Bio Safety Cabinets,304584,84212190,0.18
51900782,KSP carbon filter 1.2,,Bio Safety Cabinets,384846,84212190,0.18
51900786,KS/KSP BATT,,Bio Safety Cabinets,108780,84799090,0.18
51900900,COUNTRY VERSION CHINA,,Bio Safety Cabinets,485.09999999999997,84799090,0.18
51900912,UV Light Option - Factory Installed,,Bio Safety Cabinets,63797.99999999999,84799090,0.18
51900915,WITHOUT TABLETOP MODULE ADV.SERIES 12,,Bio Safety Cabinets,103488,84799090,0.18
760060,HEPA FILTER 18X30X6,,Bio Safety Cabinets,71001,84799090,0.18
760223,HEPA FILTR 18X24X4.6,,Bio Safety Cabinets,155320.980864,84799090,0.18
760224,HEPA FILTR 18X48X3.66,,Bio Safety Cabinets,179118.03,84799090,0.18
ABEKP3,SPARE FORMONIA FILTER SET 3,,Bio Safety Cabinets,67767,84799090,0.18
ERG-CR-2330,"Thermo Scientific Ergolign saddle stool, 23 inch to 30.5 inch adjustable seat height",,Bio Safety Cabinets,116717.99999999999,84799090,0.18
KS-EVBOX-18,KS-EVBOX for formaldehyde.,,Bio Safety Cabinets,118334.99999999999,84799090,0.18
KS-EVBOX-9,KS-EVBOX for formaldehyde.,,Bio Safety Cabinets,119510.99999999999,84799090,0.18
KSF12/15,KS FRAME 12/15,,Bio Safety Cabinets,38955,84799090,0.18
KSF18,KS FRAME 18,,Bio Safety Cabinets,38955,84799090,0.18
KSF9,KSF 9 DECONTAMINATION FRAME,,Bio Safety Cabinets,38514,84799090,0.18
KSNB-12/15,TOP BOX FOR NEUTRALISATION FOR,,Bio Safety Cabinets,135828,84799090,0.18
KSNB-18,KSN TOP BOX,,Bio Safety Cabinets,134505,84799090,0.18
KSNB9,KSN TOP PLATE FOR NEUTALISATIO,,Bio Safety Cabinets,135828,84799090,0.18
1910282,CHINA line cord receptacle 1300,,Bio Safety Cabinets,57623.99999999999,84799090,0.18
192589,REPLACEMENT SHAKER CNTRL BOARD,,Bio Safety Cabinets,282980.2722726,84799090,0.18
50075090,"REMOTE CONTROL (SET INCL HOLDER, BATT.)",,Bio Safety Cabinets,16300.39194441,84799090,0.18
51901261,COUNTRY VERSION INDIA,,Bio Safety Cabinets,147,84799090,0.18
760178,HEPA FILTER 18X48X6,,Bio Safety Cabinets,120539.99999999999,84799090,0.18
1574-M,1500 A2 4ft ss std uv armrests,,Bio Safety Cabinets,1366512,84212190,0.18
1574-MC,1500 A2 4ft ss std uv armrests,,Bio Safety Cabinets,1394736,84212190,0.18
1579-M,1500 A2 6ft ss std uv armrests,,Bio Safety Cabinets,1772967,84212190,0.18
1579-MC,1500 A2 6ft ss std uv armrests,,Bio Safety Cabinets,1801044,84212190,0.18
1584-M,1500 A2 4ft sc std uv armrests,,Bio Safety Cabinets,1300509,84212190,0.18
1584-MC,1500 A2 4ft sc std uv armrests,,Bio Safety Cabinets,1328586,84212190,0.18
1589-M,1500 A2 6ft sc std uv armrests,,Bio Safety Cabinets,1524390,84212190,0.18
1589-MC,1500 A2 6ft sc std uv armrests,,Bio Safety Cabinets,1552467,84212190,0.18
1915368,Rear cover kit 4ft BSC1500,,Bio Safety Cabinets,88347,84799090,0.18
1915468,Rear cover kit 6ft BSC1500,,Bio Safety Cabinets,104958,84799090,0.18
1921302,"Rolling castor stand, 4ft, H32.5in",,Bio Safety Cabinets,150381,84799090,0.18
1921303,"Rolling castor stand, 6ft, H32.5in",,Bio Safety Cabinets,160671,84799090,0.18
09.1003,Final filter 0.2 µm for dispenser on Smart2Pure  Genpure  Micropure  and Lab Tower Systems,,Water Purification System,10731,84799090,0.18
09.2002,Replacement UV lamp for GenPure and Lab Tower UV systems (Accessory),,Water Purification System,44688,84799090,0.18
09.2201,Disinfection Cartridge for GenPure  Smart2Pure  and LabTower EDI Systems,,Water Purification System,32928,84799090,0.18
50131217,GenPure UV/UF Systems ,Thermo Scientific Barnstead GenPure UV/UF Systems include a wall bracket  ultrapure polisher cartridge  sterile 0.2 uM filter  pressure regulator  UV lamp  and ultrafilter  120-240V  50/60Hz.,Water Purification System,869946,84212190,0.18
50131922,GenPure Pro UF/UV TOC,,Water Purification System,1019297.9999999999,84212190,0.18
50131948,GenPure Pro UV-TOC,,Water Purification System,1214220,84212190,0.18
50131950,GenPure Pro UF/UV,,Water Purification System,990632.9999999999,84212190,0.18
50131952,GenPure Pro UV,,Water Purification System,883176,84212190,0.18
50133980,Ultrafilter for GenPure Family,,Water Purification System,87612,84799090,0.18
50136146,GenPure UV-TOC/UF xCAD plus ben. version,,Water Purification System,1341228,84212190,0.18
50136151,GenPure UV/UF xCAD plus bench version,,Water Purification System,1454418,84212190,0.18
50136152,GenPure UV xCAD plus bench version,,Water Purification System,1182762,84212190,0.18
50136153,GenPure UV-TOC xCAD plus bench version,,Water Purification System,1392972,84212190,0.18
50136169,GenPure UV/UF xCAD plus wall version,,Water Purification System,1454418,84212190,0.18
50136171,GenPure UV-TOC xCAD plus wall version,,Water Purification System,1392972,84212190,0.18
50136172,GenPure UV-TOC/UF xCAD plus wall version,,Water Purification System,1669920,84212190,0.18
06.5201,Combination Cartridge of Activated Carbon and 5µm Pre-filter for Lab Tower and Pacific Systems,,Water Purification System,1470,84799090,0.18
06.5452,"10"" Hardness Stabilizing Unit for Pacific Systems",,Water Purification System,4998,84799090,0.18
09.4002,Replacement UV lamp for Pacific and Lab Tower TII Systems,,Water Purification System,52038,84799090,0.18
09.4011,Cartridge Pack for Pacific Systems,,Water Purification System,48951,84799090,0.18
50131982,Pacific TII UV 20L/hr Systems,Thermo Scientific Barnstead include an RO membrane  a high purity water cartridge  UV lamp  and pressure regulator  120-240V  50/60Hz.,Water Purification System,803355,84212190,0.18
50132123,Pacific TII 7L/hr Systems,Thermo Scientific Barnstead include an RO membrane  a high purity water cartridge  and pressure regulator  120-240V  50/60Hz.,Water Purification System,1038995.9999999999,84212190,0.18
50132124,Pacific TII 12L/hr Systems ,Thermo Scientific Barnstead include an RO membrane  a high purity water cartridge  and pressure regulator  120-240V  50/60Hz.,Water Purification System,703836,84212190,0.18
50132125,Pacific TII 20L/hr Systems ,Thermo Scientific Barnstead include an RO membrane  a high purity water cartridge  and pressure regulator  120-240V  50/60Hz.,Water Purification System,731913,84212190,0.18
50132131,Pacific TII UV 7L/hr Systems ,Thermo Scientific Barnstead include an RO membrane  a high purity water cartridge  UV lamp  and pressure regulator  120-240V  50/60Hz.,Water Purification System,813351,84212190,0.18
50132132,Pacific TII UV 12L/hr Systems ,Thermo Scientific Barnstead include an RO membrane  a high purity water cartridge  UV lamp  and pressure regulator  120-240V  50/60Hz.,Water Purification System,813351,84212190,0.18
50132386,Pacific RO 7L/hr Systems,Thermo Scientific Barnstead include an RO membrane and pressure regulator  120-240V  50/60Hz.,Water Purification System,596967,84212190,0.18
50132387,Pacific RO 12L/hr Systems,Thermo Scientific Barnstead  include an RO membrane and pressure regulator  120-240V  50/60Hz.,Water Purification System,640185,84212190,0.18
50132388,Pacific RO 20L/hr Systems,Thermo Scientific Barnstead  include two RO membranes and a pressure regulator  120-240V  50/60Hz.,Water Purification System,808353,84212190,0.18
50139226,UV Lamp for Pacific and LT,,Water Purification System,11613,84799090,0.18
50134462,uv-lamp for Pacific TII / UV  16W,,Water Purification System,7202.999999999999,84799090,0.18
50155494,Pure water tank 30l UP/UPW with pressure,,Water Purification System,241373.99999999997,84799090,0.18
50155495,Pure water tank 30l UP/UPW/PW,,Water Purification System,146265,84799090,0.18
50155497,Pure water tank 30l for Smart2Pure,,Water Purification System,112749,84799090,0.18
50155499,Pure water tank 60l UP/UPW with pressure,,Water Purification System,254897.99999999997,84799090,0.18
50155500,Pure water tank 60l UP/UPW/PW,,Water Purification System,160524,84799090,0.18
50155501,Pure water tank 60l for Smart2Pure,,Water Purification System,114513,84799090,0.18
50155502,Pure water tank 100l UP/UPW with pressur,,Water Purification System,360297,84212190,0.18
50155503,Pure water tank 100l UP/UPW/PW,,Water Purification System,346332,84212190,0.18
19.0050,Pressure pump for Pacific 40 litres,,Water Purification System,124802.99999999999,84799090,0.18
D502113,CART ASSY 1 MICRON,,Water Purification System,15875.999999999998,84799090,0.18
D502114,CART RO ANTI-SCALENT,,Water Purification System,25284,84799090,0.18
D502115,CART ASSY RO CARBON,,Water Purification System,12348,84799090,0.18
50132391,LabTower RO 40L/hr Systems,"Thermo Scientific Barnstead include two RO membranes  5"" pre-filter 5uM cartridge + activated carbon cartridge  5"" hardness stabilizing cartridge  integrated 100L tank  and a pressure regulator  120-240V  50/60Hz/",Water Purification System,1618764,84212190,0.18
09.1002,Replacement UV lamp for Micropure and Smart2Pure UV Models,,Water Purification System,30869.999999999996,84799090,0.18
09.1006,Polishing Cartridge for Micropure Systems,,Water Purification System,54831,84799090,0.18
09.1018,Filter set for MicroLab,,Water Purification System,61445.99999999999,84799090,0.18
09.1019,Filter set for MicroMed 6,,Water Purification System,53508,84799090,0.18
09.1020,Polishing Cartridge for Smart2Pure Systems,,Water Purification System,21903,84799090,0.18
09.1102,Disinfection Cartridge for Micropure Systems,,Water Purification System,51744,84799090,0.18
09.2003,RO Membrane and integrated pretreatment for Smart2Pure 3L/hr models,,Water Purification System,32045.999999999996,84799090,0.18
09.2005,Cartridge Set for Type 1 System,,Water Purification System,49392,84799090,0.18
09.2006,RO Membrane and integrated pretreatment for Smart2Pure 6L/hr models,,Water Purification System,43953,84799090,0.18
09.2012,RO Membrane and integrated pretreatment for Smart2Pure 12L/hr models,,Water Purification System,41748,84799090,0.18
09.2212,Wall mounting bracket kit for Micropure,,Water Purification System,18669,84799090,0.18
06.5001,Sterile overflow f. storage tank 30-100l,,Water Purification System,18228,84799090,0.18
06.5002,CO2 Adsorber and vent filter for 30L-100L storage tanks for Smart 2 Pure  Pacific and Lab Towers,,Water Purification System,23079,84799090,0.18
06.5006,UV assembly light for 30L-100L storage tanks for Smart 2 Pure  Pacific and Lab Towers (EU only),,Water Purification System,102753,84799090,0.18
06.5015,Wall mounting kit for 30L storage tank for Smart 2 Pure  Pacific  and Lab Towers,,Water Purification System,34986,84799090,0.18
06.5016,Wall mounting kit for 60L storage tank for Smart 2 Pure  Pacific  and Lab Towers,,Water Purification System,34986,84799090,0.18
06.5038,Feed water storage tank 30 litres,,Water Purification System,127595.99999999999,84799090,0.18
06.5100,tank 100 liters,,Water Purification System,206682,84799090,0.18
06.5101,"1 µm Pre-Filter for 10"" pressure outlet for Lab Tower Systems",,Water Purification System,1470,84799090,0.18
06.5106,pre filter 20 ¿  poresize 1 µm,,Water Purification System,1764,84799090,0.18
06.5204,"10"" Combi 5micron hardness",,Water Purification System,3528,84799090,0.18
06.5300,tank 300 liters,,Water Purification System,245195.99999999997,84799090,0.18
06.5512,External Pressure Pump at 1.5 m3/hr for Lab Tower EDI System,,Water Purification System,187719,84799090,0.18
06.5555,"Sterile Filter 0.2 µm for 10"" pressure outlet for Lab Tower TII and RO",,Water Purification System,22785,84799090,0.18
CAL1,Calibartion Service,,Services,0,998346,0.18
CAL2,Temerture Mapping,,Services,0,998346,0.18
CAL3,Validation Service,,Services,0,998346,0.18
CAL4,HVAC Validation,,Services,0,998346,0.18
75007366,"Thermo Scientific X4TR, 220-240V/120V",,Bio Safety Cabinets,0,84212190,0.18
75003698,F15-6x100 CF rotor,,Bio Safety Cabinets,0,84799090,0.18
75003103,ADAPTOR 1 X 50 ML CONICAL,,Bio Safety Cabinets,0,84799090,0.18
75003095,ADAPTER 1X15 ML,,Bio Safety Cabinets,0,84799090,0.18
75003602,Microliter 48x2ml - sealed,,Bio Safety Cabinets,0,84799090,0.18
Validation Centrifuge,Validation IQOQPQ Centrifuge India APJ,,Bio Safety Cabinets,0,84799090,0.18
TSX40086CA-ULTS,TSX Universal Series ULT freezers 549L,,Freezers,0,84212190,0.18
920090-IN,Sliding drawer rack,,Freezers,0,84212190,0.18
TSV335RLGF,TSV Series Refrigerators,,Freezers,0,84799090,0.18
TSV332FLSF,TSV Series Freezers 335L,,Freezers,0,84799090,0.18
TSGP20,Precision GP 20 Water Bath,,Water Bath,0,84799090,0.18
50157882,Smart2Pure Pro UV/UF 16LPH with 30 Liter tank ,,Water Purification System,0,84212190,0.18
51028140,OVEN GP 100L 230V - OGS100,,Oven,0,84799090,0.18
